<?xml version="1.0" encoding="UTF-8"?>
<project-private xmlns="http://www.netbeans.org/ns/project-private/1">
    <editor-bookmarks xmlns="http://www.netbeans.org/ns/editor-bookmarks/2" lastBookmarkId="0"/>
    <open-files xmlns="http://www.netbeans.org/ns/projectui-open-files/2">
        <group>
            <file>file:/D:/FPT/Semester_2/PRO192/assignment/SE190377_PhungLuuHoangLong_ASM03/Q3/src/src/Beverage.java</file>
            <file>file:/D:/FPT/Semester_2/PRO192/assignment/SE190377_PhungLuuHoangLong_ASM03/Q3/src/src/Coffee.java</file>
        </group>
    </open-files>
</project-private>
